x,y
-0.7636374252503495,-0.3560798856390642
-0.7418073829065814,-0.35065068864510524
-0.7201457977150518,-0.3448812586424344
-0.6980530742119044,-0.3401034942216219
-0.6749483660857688,-0.33760866558482955
-0.6507755416136185,-0.33755101510781665
-0.6260610608513374,-0.3388223406321723
-0.6013572848783634,-0.3402568929429045
-0.576977166261319,-0.34113148903707946
-0.5528780384654168,-0.34138033689922587
-0.5289883826987908,-0.34099098027029184
-0.5052366801695758,-0.33995096289122556
-0.4815514655628018,-0.3382478649773772
-0.4578798940432067,-0.33588196701148065
-0.4342149876327243,-0.33288483338299774
-0.410556704777371,-0.32929275953246506
-0.38690500392316296,-0.3251420409004187
-0.3632598435161161,-0.32046897292739507
-0.33962118200224684,-0.31530985105393033
-0.3159889778275709,-0.3097009707205607
-0.2923631894381047,-0.3036786273678227
-0.26874377527986426,-0.2972791164362524
-0.24513069379886568,-0.2905387333663861
-0.22152390344112516,-0.2834937735987602
-0.19792336265265878,-0.2761805325739109
-0.1743290298794826,-0.2686353057323745
-0.1507408635676129,-0.26089438851468744
-0.1271588221630657,-0.25299407636138577
-0.1035828641118572,-0.244970664713006
-0.08001294786000351,-0.23686044901008424
-0.05644903185352065,-0.22869972469315678
-0.03289107453842484,-0.22052478720276011
-0.009339034360732175,-0.21237193197943022
0.014207130233541225,-0.2042774544637036
0.03774746079837921,-0.19627765009611647
0.061281998887765664,-0.18840881431720513
0.08481078605568432,-0.18070724256750595
0.10833386385611934,-0.17320923028755503
0.13185127384305445,-0.16595107291788877
0.15536305757047353,-0.15896906589904347
0.17886925659236041,-0.15229950467155537
0.20236991246269911,-0.1459786846759608
0.22586506673547316,-0.14004290135279607
0.24935476096466686,-0.13452845014259732
0.2728390367042639,-0.129471626485901
0.29631793550824814,-0.12490872582324329
0.3197914989306035,-0.12087604359516053
0.3432597685253138,-0.11740987524218902
0.36672278584636275,-0.11454651620486503
0.3901805924477347,-0.1123222619237248
0.41363322988341306,-0.11077340783930464
0.4370807397073821,-0.10993624939214092
0.4605231634736253,-0.1098470820227698
0.48396054273612676,-0.11054220117172762
0.5073929190488703,-0.11205790227955069
0.5308203339658397,-0.11443048078677527
0.5542428290410191,-0.11769623213393765
0.5776374388740606,-0.12192182087236679
0.60060754220503,-0.12766713616863712
0.6224530551528863,-0.13589263694006073
0.6424693107786419,-0.14756353866853494
0.6606174120982975,-0.16256099938505722
0.6782467809753575,-0.17850561041949675
0.6968721061228297,-0.19274974580108073
0.717311395209613,-0.2038533937244839
0.739174409125836,-0.21247089522739002
0.7619503692248389,-0.21946553237344033
0.7851284968599621,-0.2257005872262761
0.8081980133845464,-0.23203934184953867
0.8306685473229338,-0.23931904715552926
0.852334714791395,-0.2480134271799024
0.8732005459481603,-0.2583290798280656
0.8932757247016277,-0.2704622626965517
0.912657273817495,-0.2841615714348237
0.9316062325412036,-0.2983349227672655
0.9504017247153964,-0.31179753944165584
0.9693236923737047,-0.3233789809792917
0.9887192894299092,-0.33308652887306905
1.0090518687341323,-0.34296356359274643
1.0305170527305874,-0.35488115099233863
1.0521033788132228,-0.3690911502228561
1.072473335237131,-0.38540805195739525
1.0902894050621574,-0.40364633990005166
1.1042140713481479,-0.423620497754921
1.1129098171549479,-0.4451450092260986
1.1150390940216228,-0.4680340078214647
1.1091602734053267,-0.49094288700069405
1.0990406817578313,-0.5082946615032479
1.1065200298128446,-0.5129463466039649
1.127618736106268,-0.5130681172741008
1.1483839005077774,-0.5181219492368072
1.1688093940798638,-0.5266420553078096
1.1891063194481237,-0.5375107059510349
1.2091146697649355,-0.5504712998667783
1.2286549413676209,-0.5653124764704778
1.2475476305935016,-0.581822875177571
1.2656132337798986,-0.5997911354034957
1.2826722472641348,-0.6190058965636904
1.298545167383531,-0.6392557980735922
1.3130524904754093,-0.6603294793486394
1.3260147128770907,-0.6820155798042695
1.3372523309258977,-0.7041027388559208
1.3465858409591513,-0.7263795959190307
1.353835739314174,-0.7486347904090377
1.3588227686439096,-0.77065701916533
1.361964790888365,-0.7923741863922211
1.3655591956866298,-0.8141523735739048
1.37164844967272,-0.8363371440370445
1.3798290817238525,-0.8588564144431357
1.3890982023591905,-0.8815357500845157
1.398452922097897,-0.904200716253522
1.4068903514591344,-0.9266768782424923
1.4134020813883796,-0.9488069819655833
1.4166639890198005,-0.9714525255103206
1.4161827949649939,-0.9957722127605577
1.4137260132217637,-1.0208206057085296
1.410703144341293,-1.0457811896079476
1.4072969227970054,-1.0705705132166325
1.4035355761981132,-1.0951974520573362
1.3994473321538303,-1.119670881652812
1.3950604182733688,-1.1439996775258119
1.390403062165942,-1.1681927151990892
1.3855034914407622,-1.1922588701953956
1.3803899337070422,-1.2162070180374842
1.375090616573995,-1.2400460342481077
1.3696337676508337,-1.263784794350019
1.3640476145467706,-1.2874321738659698
1.3583603848710186,-1.3109970483187132
1.352600306232791,-1.3344882932310016
1.3467956062413,-1.357914784125588
1.3409745125057588,-1.3812853965252245
1.33516525263538,-1.4046090059526646
1.3293960542393766,-1.4278944879306597
1.3236951449269612,-1.4511507179819627
1.3180907523073466,-1.4743865716293267
1.312611103989746,-1.497610924395504
1.3072844275833722,-1.5208326518032476
1.3021389506974372,-1.5440606293753092
1.2972029009411543,-1.567303732634442
1.2925045059237368,-1.5905708371033986
1.2880719932543971,-1.6138708183049317
1.283933590542348,-1.6372125517617928
1.280117525396802,-1.660604912996736
1.2766520254269724,-1.6840567775325133
1.2735653182420716,-1.707577020891877
1.270885631451313,-1.7311745185975804
1.2686411926639092,-1.754858146172376
1.2668602294890725,-1.7786367791390154
1.2655709695360162,-1.8025192930202523
1.264801640413953,-1.8265145633388387
1.2645804697320953,-1.8506314656175267
1.264935685099657,-1.8748788753790704
1.265876088553222,-1.8992590562820373
1.2665066527866486,-1.923466636427784
1.264664176706381,-1.9467645967788858
1.2581075457682875,-1.9683900449800162
1.2464604723579558,-1.988285634817415
1.2328687351968188,-2.0077265728595517
1.2208691995716674,-2.0281360309433185
1.2137438051760485,-2.05082296415351
1.2083355301868075,-2.0742136915918796
1.1995821186266507,-2.0959521000973123
1.1881111028320415,-2.116314927846752
1.1748946709506862,-2.135738108725273
1.16090501113029,-2.154657576617952
1.1471128225795555,-2.1735086818200124
1.134115176951171,-2.192580331253816
1.121645086307621,-2.2118227635644296
1.1093137806358013,-2.2311384848953537
1.0967324899226074,-2.250430001390088
1.0835124441549353,-2.2695998191921323
1.06926487331968,-2.2885504444449847
1.0536840331700679,-2.3071836903998166
1.0369144080510544,-2.325397612920776
1.0192523802210256,-2.3430890002065174
1.0009944490718725,-2.3601546394781576
0.9824371139954866,-2.376491317956815
0.9638768706096699,-2.391995822969129
0.9455016892356245,-2.4065679762793204
0.9271071781015847,-2.4201185703498163
0.9084003037369488,-2.4325608761223525
0.8890880326711147,-2.443808164538662
0.8688773314334804,-2.4537737065404794
0.8474751665534445,-2.462370773069539
0.8246669902055226,-2.4695616151820268
0.8009313595228597,-2.47574102621814
0.7771079859285813,-2.481529183133532
0.7540257237384547,-2.4875446173899105
0.731937725387618,-2.4942579643502056
0.7103298953721572,-2.5019427556665566
0.6886348636079904,-2.5108588369100997
0.6662852600110364,-2.521266053651972
0.6432058127971391,-2.5320115326808486
0.6213012845714405,-2.536258106057872
0.60266315668887,-2.52750849794072
0.5859355877324047,-2.518850315210656
0.5688376939986668,-2.5260609167817436
0.5516968391043511,-2.5445635060018272
0.5351792103495926,-2.5671445835421394
0.5196190081021055,-2.5890383030731425
0.5047571367420134,-2.609853034722773
0.4902730082507382,-2.6296505160241654
0.4758460346097018,-2.648492484510457
0.4611556278003258,-2.666440677714784
0.44588119980403196,-2.6835568331702815
0.4297216061825474,-2.6999074655478146
0.41265621042352374,-2.7156280081522852
0.39487510059784964,-2.7309056676935306
0.37657349271594126,-2.7459289107765796
0.35794660278821505,-2.7608862040064626
0.3391884995642229,-2.7759645555611345
0.32043524446401245,-2.7912772332317
0.30173871589855356,-2.8068304892354043
0.2831441811919365,-2.8226221716083595
0.2646969076682514,-2.8386501283866785
0.2464421626515885,-2.854912207606475
0.22842521346603814,-2.871406257303861
0.21069132743569052,-2.8881301255149507
0.1932857718846365,-2.905081660275858
0.17625381413696517,-2.922258709622695
0.15964072151676745,-2.9396591215915757
0.1434917613481335,-2.957280744218613
0.12785220095515357,-2.9751214255399203
0.11276730766191793,-2.9931790135916096
0.09828234879251686,-3.0114513564097956
0.08443703779135057,-3.0299329896541134
0.07121264043615155,-3.048583590347162
0.05855542898932015,-3.0673419651103933
0.04641120315852032,-3.086146638729987
0.034701245869491956,-3.104947400833575
0.02311463806723417,-3.1238007319883425
0.011213308086961466,-3.1428216003610294
-0.0012984488467376724,-3.162070041423326
-0.014414573480680573,-3.1814894470847284
-0.028090947916618342,-3.2010084981045863
-0.042283454256302096,-3.2205558752422516
-0.05694797460148293,-3.240060259257075
-0.072040391053912,-3.259450330908408
-0.08751658571534034,-3.2786547709556
-0.10333244068751912,-3.297602260158003
-0.11944383807219948,-3.316221479274969
-0.1358066599711325,-3.334441109065848
-0.15237678848606925,-3.3521898302899893
-0.16911010571876087,-3.3693963237067464
-0.18596249377095805,-3.385989270075468
-0.20289881200013038,-3.401920498850974
-0.21993678004845313,-3.417278144687743
-0.2371134001786598,-3.432200064285069
-0.2544657028100691,-3.4468241869466407
-0.2720307183619998,-3.461288441976145
-0.28984547725377086,-3.475730758677273
-0.30794700990470103,-3.4902890663537107
-0.3263532539227831,-3.5050729502364693
-0.344998586946894,-3.5200679473062793
-0.36379453343920104,-3.5352256680523486
-0.3826526172987573,-3.5504977221279197
-0.4014843624246153,-3.5658357191862318
-0.4202012927158284,-3.5811912688805285
-0.4387149320714493,-3.5965159808640492
-0.45693680439053097,-3.611761464790036
-0.47481183808360505,-3.626859038369639
-0.4925431596587837,-3.6415831740074416
-0.5104542027878202,-3.655635262183179
-0.52886907403849,-3.6687162846184083
-0.5480768700826729,-3.6805627699024686
-0.5681212483769836,-3.691160450317247
-0.5889408589023045,-3.700601676195337
-0.6104739544903711,-3.7089792011098353
-0.6326587879729197,-3.716385778633844
-0.6554336121816858,-3.722914162340461
-0.6787366799484051,-3.7286571058027858
-0.7025062441048135,-3.733707362593917
-0.7266805574826471,-3.7381576862869568
-0.7511978729136413,-3.7421008304550014
-0.775996443229532,-3.7456295486711513
-0.8010145212620552,-3.7488365945085063
-0.8261903598429463,-3.7518147215401645
-0.8514622118039417,-3.754656683339227
-0.8767683299767768,-3.7574552334787925
-0.9020469671931873,-3.76030312553196
-0.9272363762849094,-3.763293113071829
-0.9522748100836785,-3.766517949671499
-0.9771005214212294,-3.770070388904069
-1.0016517631293005,-3.7740431843426387
-1.0258667880396262,-3.7785290895603083
-1.049683848983942,-3.783620858130175
-1.0730411987939845,-3.789411243625341
-1.0958770903014887,-3.7959929996189037
-1.118129776338191,-3.803458879683962
-1.1397375097358267,-3.8119016373936168
-1.160638543326132,-3.8214140263209666
-1.1807711299408423,-3.832088800039111
-1.200132351055131,-3.843837151507149
-1.219413362487742,-3.854428178326919
-1.239756788804703,-3.8602383011709707
-1.2618527017999277,-3.8592973741562036
-1.285239104309576,-3.8538333882964624
-1.3092766935548297,-3.8467204358994884
-1.3333261667568705,-3.8408326092730265
-1.3567482211368809,-3.839044000724819
-1.3790372293868383,-3.84350885224545
-1.4004745473022375,-3.852143455262902
-1.4216285652660314,-3.8613184029735432
-1.4430638024269389,-3.8674305932038204
-1.465085412858964,-3.868603596766123
-1.4875953969521007,-3.8656449024063755
-1.51046094188296,-3.8595937611275204
-1.5335492348281503,-3.851489423932497
-1.5567274629642829,-3.8423711418242505
-1.5798628134825254,-3.8332781656780415
-1.6028477127893044,-3.8250284059960693
-1.6256730337383212,-3.8175764273665154
-1.6483536487211874,-3.81066632560425
-1.670904430129515,-3.8040421965241458
-1.693340250354916,-3.797448135941075
-1.715675981789002,-3.7906282396699096
-1.7379264968233852,-3.7833266035255226
-1.7601066678496764,-3.7752873233227837
-1.7822313672594885,-3.7662544948765677
-1.8043154674444335,-3.755972214001745
-1.8263738407961225,-3.7441845765131885
-1.8483942996417246,-3.730660233408252
-1.8700254721386376,-3.715475622430354
-1.890684874874351,-3.698916899477299
-1.9097855811340951,-3.6812742524438615
-1.926740664203099,-3.662837869224816
-1.9409631973665922,-3.643897937714934
-1.951866253909804,-3.6247446458089914
-1.9589770652879173,-3.60575811021273
-1.9695653532304362,-3.5933846312838007
-1.9904688555521266,-3.5906638435724436
-2.0113977060955377,-3.5844491956797104
-2.0309181041817403,-3.573705025647917
-2.04894383564421,-3.559134776635735
-2.065388686316427,-3.5414418918018393
-2.080166442031866,-3.521329814304901
-2.0931908886240054,-3.499501987303594
-2.1043758119263214,-3.476661853956591
-2.1136349977722926,-3.4535128574225675
-2.1209178188198425,-3.43074101289321
-2.126894679429197,-3.40867922406747
-2.1329066930927554,-3.387331925571312
-2.1400798086883555,-3.3666556603976905
-2.1486454734902547,-3.3464753992008474
-2.158627363675785,-3.3265855515616534
-2.170049155422277,-3.3067805270609782
-2.182934524907061,-3.286854735279692
-2.1973071483074684,-3.2666025857986662
-2.2129180576714673,-3.2458473317667873
-2.227034616321346,-3.2246749786173616
-2.2355968911504034,-3.203311949128893
-2.2346518103003263,-3.18198560700941
-2.225451743339753,-3.1609066732088453
-2.2163575794040407,-3.1402631414265803
-2.215009413597539,-3.120079083961554
-2.221912826092861,-3.099439076697988
-2.234896292497808,-3.077173307274509
-2.2497399616392166,-3.0535762862805087
-2.260472407941174,-3.0301971122118547
-2.2610913406268285,-3.0086201451252257
-2.2507889751651065,-2.989362876124457
-2.240220112039244,-2.9705885636890543
-2.24046254870785,-2.950320618102166
-2.2511792192207665,-2.928381387533296
-2.265378511296978,-2.9056442394882054
-2.27886862579854,-2.88264039991868
-2.2913870401837952,-2.8594167691556636
-2.302952756325427,-2.8359855466167296
-2.31358477609612,-2.812358931719455
-2.3233021013685624,-2.7885491238814164
-2.332123734015437,-2.7645683225201885
-2.340068675909431,-2.740428727053347
-2.3471559289232307,-2.716142536898469
-2.3534044949295185,-2.6917219514731268
-2.358833375800983,-2.6671791701949
-2.3634615734103077,-2.6425263924813613
-2.36730808963018,-2.6177758177500885
-2.370391926333283,-2.5929396454186557
-2.3727320853923044,-2.56803007490464
-2.3743475686799287,-2.5430593056256163
-2.375257378068841,-2.5180395369991597
-2.375480515431728,-2.4929829684428473
-2.375035982641274,-2.4679017993742534
-2.373942781570165,-2.4428082292109545
-2.372219914091087,-2.417714457370528
-2.3698863820767246,-2.3926326832705453
-2.366961187399764,-2.3675751063285855
-2.3634633319328904,-2.342553925962223
-2.3594118175487897,-2.317581341589034
-2.354825646120146,-2.2926695526265934
-2.3497238195196477,-2.2678307584924777
-2.3441253396199766,-2.2430771586042626
-2.338049208293821,-2.2184209523795233
-2.331514427413865,-2.193874339235836
-2.3245399988527953,-2.169449518590776
-2.3171449244832965,-2.145158689861919
-2.3093482061780537,-2.1210140524668404
-2.3011688458097534,-2.097027805823117
-2.292625845251081,-2.0732121493483233
-2.2837382063747214,-2.0495792824600363
-2.2745249310533606,-2.02614140457583
-2.2650050211596837,-2.0029107151132814
-2.2551974785663758,-1.979899413489965
-2.245121305146124,-1.957119699123458
-2.234795502771613,-1.934583771431335
-2.2242390733155277,-1.9123038298311723
-2.213471018650554,-1.890292073740545
-2.202510340649378,-1.8685607025770294
-2.191376041184684,-1.8471219157582008
-2.1800871221291582,-1.8259879127016345
-2.1686625853554866,-1.805170892824907
-2.1571214327363535,-1.7846830555455937
-2.1454826661444457,-1.7645366002812701
-2.1337868133652207,-1.7447217122159615
-2.1222825376524033,-1.725015719459667
-2.1113351658463095,-1.7050766399928103
-2.10131131153231,-1.6845611758606287
-2.0925775882957733,-1.663126029108359
-2.0855005691680217,-1.6404279305045673
-2.079939835573807,-1.616482699212325
-2.0739826947773534,-1.5925614080807178
-2.065329424747378,-1.570209252304344
-2.052007561555096,-1.550778172918479
-2.035548433616661,-1.5335510332521394
-2.019608881855661,-1.5165555279169776
-2.0078755728476545,-1.4978017387252862
-2.003036467568711,-1.4757761623504044
-1.9988653992908716,-1.453236119700419
-1.9914737644641551,-1.4320264589695628
-1.9816735309985603,-1.4118746222720533
-1.9701792789862869,-1.3925163768145261
-1.9573100197933926,-1.3737818246869515
-1.9433277119805739,-1.3555146738823496
-1.9284943141085276,-1.3375586323937403
-1.9130717847379508,-1.3197574082141441
-1.8973220824295411,-1.3019547093365809
-1.8815071657439963,-1.2839942437540715
-1.8658889932420113,-1.2657197194596344
-1.8507295234842842,-1.2469748444462907
-1.8362907150315115,-1.22760332670706
-1.8228071147124747,-1.2074698349262245
-1.8100661396955393,-1.1867809405468526
-1.7974910606411498,-1.1660216637634275
-1.784494552682449,-1.145685126760381
-1.7704892909525805,-1.1262644517221458
-1.754892734923677,-1.10824893304701
-1.7374221920850739,-1.0918879669805301
-1.718267240308387,-1.0770531023729253
-1.6976589729924467,-1.0635826729196751
-1.675828483536086,-1.0513150123162607
-1.6530068653381367,-1.0400884542581617
-1.6294252117974302,-1.029741332440859
-1.6053146163127987,-1.0201119805598327
-1.5809061722830744,-1.0110387323105634
-1.5564309731070896,-1.002359921388531
-1.5321201121836756,-0.9939138814892166
-1.5082046829116642,-0.9855389463080997
-1.4849157786898883,-0.9770734495406616
-1.462484492917179,-0.968355724882382
-1.441141918992369,-0.9592241060287416
-1.42111915031429,-0.9495169266752209
-1.4026472802817735,-0.9390725205172997
-1.385957402293652,-0.9277292212504592
-1.371280609748757,-0.9153253625701789
-1.3586058725667898,-0.9017577348567023
-1.3445614063583036,-0.8877377922922135
-1.32716714540355,-0.8736974009789408
-1.307880161444824,-0.8592862402271993
-1.2882676873363785,-0.8441288894172545
-1.2698969559324687,-0.8278499279293726
-1.254317541817877,-0.8100804204998755
-1.2418503271466976,-0.7909026939726617
-1.2308074820344785,-0.7711368152520268
-1.2193155992756162,-0.7516710082610367
-1.2055245799475507,-0.733381495655069
-1.188882378461124,-0.7164761417424493
-1.1707932086082107,-0.700155546913552
-1.1528030870285368,-0.6835490306333859
-1.1357247265842838,-0.6662265943963542
-1.1194457858493583,-0.6483141550126444
-1.103794794280833,-0.6299731631871268
-1.088600281335782,-0.6113650696246714
-1.0736907764712786,-0.5926513250301488
-1.0588948091443966,-0.5739933801084293
-1.0440409088122093,-0.5555526855643831
-1.0289576049317908,-0.5374906921028805
-1.013473426960214,-0.5199688504287917
-0.9974169043545537,-0.5031486112469882
-0.9806165665718817,-0.4871914252623383
-0.9629009430692724,-0.47225874317971306
-0.9441474116535069,-0.45845895470611703
-0.9245634141139613,-0.4455419210745961
-0.9044930273539828,-0.43310908508575724
-0.8842807645410952,-0.4207614156529071
-0.8642711388428223,-0.40809988168935274
-0.8448086634266884,-0.39472545210840093
-0.8261588849659305,-0.3803970592271172
-0.8070725371611437,-0.3679037813496683
-0.7858444294491038,-0.3607511754226294
-0.7636374252503496,-0.35607988563906423
